version	dataset	threads	rep	result	secs	digest
v1.0.1	atac	1	1	OK	35.27	49aeb3d49afd_c14742d83582_
v1.0.1	atac	16	1	OK	8.53	49aeb3d49afd_c14742d83582_
v1.0.1	atac	32	1	OK	9.1	49aeb3d49afd_c14742d83582_
v1.0.1	atac	48	1	OK	9.9	49aeb3d49afd_c14742d83582_
v1.0.1	wgs	1	1	OK	52.1	8d8c11b64628_df6ca4c834e9_
v1.0.1	wgs	16	1	OK	31.15	8d8c11b64628_df6ca4c834e9_
v1.0.1	wgs	32	1	OK	30.81	8d8c11b64628_df6ca4c834e9_
v1.0.1	wgs	48	1	OK	31.3	8d8c11b64628_df6ca4c834e9_
v1.0.1	synth	1	1	OK	11.05	8e8a04964130_5b728379e0ef_
v1.0.1	synth	16	1	OK	3.86	8e8a04964130_5b728379e0ef_
v1.0.1	synth	32	1	OK	4.06	8e8a04964130_5b728379e0ef_
v1.0.1	synth	48	1	OK	4.24	8e8a04964130_5b728379e0ef_
v1.1.0	atac	1	1	OK	35.86	49aeb3d49afd_c14742d83582_
v1.1.0	atac	16	1	OK	8.32	49aeb3d49afd_c14742d83582_
v1.1.0	atac	32	1	OK	8.8	49aeb3d49afd_c14742d83582_
v1.1.0	atac	48	1	OK	10.02	49aeb3d49afd_c14742d83582_
v1.1.0	wgs	1	1	OK	52.12	8d8c11b64628_df6ca4c834e9_
v1.1.0	wgs	16	1	OK	28.74	8d8c11b64628_df6ca4c834e9_
v1.1.0	wgs	32	1	OK	28.53	8d8c11b64628_df6ca4c834e9_
v1.1.0	wgs	48	1	OK	30.06	8d8c11b64628_df6ca4c834e9_
v1.1.0	synth	1	1	OK	11.18	8e8a04964130_5b728379e0ef_
v1.1.0	synth	16	1	OK	4.03	8e8a04964130_5b728379e0ef_
v1.1.0	synth	32	1	OK	4.08	8e8a04964130_5b728379e0ef_
v1.1.0	synth	48	1	OK	4.24	8e8a04964130_5b728379e0ef_
v1.2.0	atac	1	1	OK	28.99	49aeb3d49afd_c14742d83582_
v1.2.0	atac	16	1	OK	9.19	49aeb3d49afd_c14742d83582_
v1.2.0	atac	32	1	OK	9.54	49aeb3d49afd_c14742d83582_
v1.2.0	atac	48	1	OK	9.84	49aeb3d49afd_c14742d83582_
v1.2.0	wgs	1	1	OK	37.51	8d8c11b64628_df6ca4c834e9_
v1.2.0	wgs	16	1	OK	28.89	8d8c11b64628_df6ca4c834e9_
v1.2.0	wgs	32	1	OK	29.94	8d8c11b64628_df6ca4c834e9_
v1.2.0	wgs	48	1	OK	30.05	8d8c11b64628_df6ca4c834e9_
v1.2.0	synth	1	1	OK	8.13	8e8a04964130_5b728379e0ef_
v1.2.0	synth	16	1	OK	3.96	8e8a04964130_5b728379e0ef_
v1.2.0	synth	32	1	OK	4.06	8e8a04964130_5b728379e0ef_
v1.2.0	synth	48	1	OK	4.14	8e8a04964130_5b728379e0ef_
v1.3.0	atac	1	1	OK	29.18	49aeb3d49afd_c14742d83582_
v1.3.0	atac	16	1	OK	5.92	49aeb3d49afd_c14742d83582_
v1.3.0	atac	32	1	OK	48.81	49aeb3d49afd_c14742d83582_
v1.3.0	atac	48	1	HUNG	75.0	-
v1.3.0	wgs	1	1	OK	39.32	8d8c11b64628_df6ca4c834e9_
v1.3.0	wgs	16	1	OK	25.99	8d8c11b64628_df6ca4c834e9_
v1.3.0	wgs	32	1	OK	59.08	8d8c11b64628_df6ca4c834e9_
v1.3.0	wgs	48	1	HUNG	75.01	-
v1.3.0	synth	1	1	OK	8.13	8e8a04964130_5b728379e0ef_
v1.3.0	synth	16	1	OK	2.61	8e8a04964130_5b728379e0ef_
v1.3.0	synth	32	1	OK	11.33	8e8a04964130_5b728379e0ef_
v1.3.0	synth	48	1	HUNG	75.01	-
v1.3.1	atac	1	1	OK	28.9	49aeb3d49afd_c14742d83582_
v1.3.1	atac	16	1	OK	5.98	49aeb3d49afd_c14742d83582_
v1.3.1	atac	32	1	OK	46.03	49aeb3d49afd_c14742d83582_
v1.3.1	atac	48	1	HUNG	75.01	-
v1.3.1	wgs	1	1	OK	38.7	8d8c11b64628_df6ca4c834e9_
v1.3.1	wgs	16	1	OK	26.03	8d8c11b64628_df6ca4c834e9_
v1.3.1	wgs	32	1	OK	60.83	8d8c11b64628_df6ca4c834e9_
v1.3.1	wgs	48	1	HUNG	75.0	-
v1.3.1	synth	1	1	OK	8.28	8e8a04964130_5b728379e0ef_
v1.3.1	synth	16	1	OK	2.57	8e8a04964130_5b728379e0ef_
v1.3.1	synth	32	1	OK	11.39	8e8a04964130_5b728379e0ef_
v1.3.1	synth	48	1	HUNG	75.0	-
v1.3.2	atac	1	1	OK	28.53	49aeb3d49afd_c14742d83582_
v1.3.2	atac	16	1	OK	6.04	49aeb3d49afd_c14742d83582_
v1.3.2	atac	32	1	OK	5.89	49aeb3d49afd_c14742d83582_
v1.3.2	atac	48	1	OK	6.5	49aeb3d49afd_c14742d83582_
v1.3.2	wgs	1	1	OK	37.43	8d8c11b64628_df6ca4c834e9_
v1.3.2	wgs	16	1	OK	25.21	8d8c11b64628_df6ca4c834e9_
v1.3.2	wgs	32	1	OK	26.91	8d8c11b64628_df6ca4c834e9_
v1.3.2	wgs	48	1	OK	25.97	8d8c11b64628_df6ca4c834e9_
v1.3.2	synth	1	1	OK	8.1	8e8a04964130_5b728379e0ef_
v1.3.2	synth	16	1	OK	2.67	8e8a04964130_5b728379e0ef_
v1.3.2	synth	32	1	OK	2.68	8e8a04964130_5b728379e0ef_
v1.3.2	synth	48	1	OK	2.78	8e8a04964130_5b728379e0ef_
v1.3.3	atac	1	1	OK	28.78	49aeb3d49afd_c14742d83582_
v1.3.3	atac	16	1	OK	5.48	49aeb3d49afd_c14742d83582_
v1.3.3	atac	32	1	OK	5.93	49aeb3d49afd_c14742d83582_
v1.3.3	atac	48	1	OK	6.26	49aeb3d49afd_c14742d83582_
v1.3.3	wgs	1	1	OK	37.25	8d8c11b64628_df6ca4c834e9_
v1.3.3	wgs	16	1	OK	24.83	8d8c11b64628_df6ca4c834e9_
v1.3.3	wgs	32	1	OK	25.32	8d8c11b64628_df6ca4c834e9_
v1.3.3	wgs	48	1	OK	25.75	8d8c11b64628_df6ca4c834e9_
v1.3.3	synth	1	1	OK	8.13	8e8a04964130_5b728379e0ef_
v1.3.3	synth	16	1	OK	2.6	8e8a04964130_5b728379e0ef_
v1.3.3	synth	32	1	OK	2.63	8e8a04964130_5b728379e0ef_
v1.3.3	synth	48	1	OK	2.76	8e8a04964130_5b728379e0ef_
v1.3.4	atac	1	1	OK	28.79	49aeb3d49afd_c14742d83582_
v1.3.4	atac	16	1	OK	5.9	49aeb3d49afd_c14742d83582_
v1.3.4	atac	32	1	OK	46.96	49aeb3d49afd_c14742d83582_
v1.3.4	atac	48	1	HUNG	75.0	-
v1.3.4	wgs	1	1	OK	36.2	8d8c11b64628_df6ca4c834e9_
v1.3.4	wgs	16	1	OK	25.05	8d8c11b64628_df6ca4c834e9_
v1.3.4	wgs	32	1	OK	58.4	8d8c11b64628_df6ca4c834e9_
v1.3.4	wgs	48	1	HUNG	75.0	-
v1.3.4	synth	1	1	OK	8.07	8e8a04964130_5b728379e0ef_
v1.3.4	synth	16	1	OK	2.65	8e8a04964130_5b728379e0ef_
v1.3.4	synth	32	1	OK	11.26	8e8a04964130_5b728379e0ef_
v1.3.4	synth	48	1	HUNG	75.01	-
v1.3.5	atac	1	1	OK	28.57	49aeb3d49afd_c14742d83582_
v1.3.5	atac	16	1	OK	6.24	49aeb3d49afd_c14742d83582_
v1.3.5	atac	32	1	OK	46.71	49aeb3d49afd_c14742d83582_
v1.3.5	atac	48	1	HUNG	75.01	-
v1.3.5	wgs	1	1	OK	36.88	8d8c11b64628_df6ca4c834e9_
v1.3.5	wgs	16	1	OK	24.72	8d8c11b64628_df6ca4c834e9_
v1.3.5	wgs	32	1	OK	58.82	8d8c11b64628_df6ca4c834e9_
v1.3.5	wgs	48	1	HUNG	75.0	-
v1.3.5	synth	1	1	OK	8.06	8e8a04964130_5b728379e0ef_
v1.3.5	synth	16	1	OK	2.8	8e8a04964130_5b728379e0ef_
v1.3.5	synth	32	1	OK	11.34	8e8a04964130_5b728379e0ef_
v1.3.5	synth	48	1	HUNG	75.01	-
v1.3.6	atac	1	1	OK	28.65	49aeb3d49afd_c14742d83582_
v1.3.6	atac	16	1	OK	6.01	49aeb3d49afd_c14742d83582_
v1.3.6	atac	32	1	OK	45.61	49aeb3d49afd_c14742d83582_
v1.3.6	atac	48	1	HUNG	75.0	-
v1.3.6	wgs	1	1	OK	37.32	8d8c11b64628_df6ca4c834e9_
v1.3.6	wgs	16	1	OK	24.65	8d8c11b64628_df6ca4c834e9_
v1.3.6	wgs	32	1	OK	57.07	8d8c11b64628_df6ca4c834e9_
v1.3.6	wgs	48	1	HUNG	75.01	-
v1.3.6	synth	1	1	OK	8.11	8e8a04964130_5b728379e0ef_
v1.3.6	synth	16	1	OK	2.77	8e8a04964130_5b728379e0ef_
v1.3.6	synth	32	1	OK	11.21	8e8a04964130_5b728379e0ef_
v1.3.6	synth	48	1	HUNG	75.01	-
v1.3.7	atac	1	1	OK	28.19	49aeb3d49afd_c14742d83582_
v1.3.7	atac	16	1	OK	5.84	49aeb3d49afd_c14742d83582_
v1.3.7	atac	32	1	OK	45.44	49aeb3d49afd_c14742d83582_
v1.3.7	atac	48	1	HUNG	75.0	-
v1.3.7	wgs	1	1	OK	37.03	8d8c11b64628_df6ca4c834e9_
v1.3.7	wgs	16	1	OK	24.85	8d8c11b64628_df6ca4c834e9_
v1.3.7	wgs	32	1	OK	58.97	8d8c11b64628_df6ca4c834e9_
v1.3.7	wgs	48	1	HUNG	75.0	-
v1.3.7	synth	1	1	OK	8.06	8e8a04964130_5b728379e0ef_
v1.3.7	synth	16	1	OK	2.7	8e8a04964130_5b728379e0ef_
v1.3.7	synth	32	1	OK	11.2	8e8a04964130_5b728379e0ef_
v1.3.7	synth	48	1	HUNG	75.0	-
fix-#723	atac	1	1	OK	28.71	49aeb3d49afd_c14742d83582_
fix-#723	atac	16	1	OK	6.04	49aeb3d49afd_c14742d83582_
fix-#723	atac	32	1	OK	6.04	49aeb3d49afd_c14742d83582_
fix-#723	atac	48	1	OK	6.89	49aeb3d49afd_c14742d83582_
fix-#723	wgs	1	1	OK	36.58	8d8c11b64628_df6ca4c834e9_
fix-#723	wgs	16	1	OK	25.23	8d8c11b64628_df6ca4c834e9_
fix-#723	wgs	32	1	OK	25.88	8d8c11b64628_df6ca4c834e9_
fix-#723	wgs	48	1	OK	25.98	8d8c11b64628_df6ca4c834e9_
fix-#723	synth	1	1	OK	8.17	8e8a04964130_5b728379e0ef_
fix-#723	synth	16	1	OK	2.67	8e8a04964130_5b728379e0ef_
fix-#723	synth	32	1	OK	2.78	8e8a04964130_5b728379e0ef_
fix-#723	synth	48	1	OK	2.93	8e8a04964130_5b728379e0ef_
